,Kota,Usia (tahun),Jenis Kelamin,Tinggi Badan (dalam cm),Berat Badan (dalam kg),Kecepatan Bersepeda,Jenis Permukaan Jalan (yang paling sering dilalui),Jenis Sepeda (yang paling sering digunakan)
0,Madiun,45,Pria,165,65,Sedang (16 - 25 km/jam),Jalanan Rata,Sepeda Balap (Road Bike)
1,Pekalongan,50,Pria,166,80,Santai (15 km/jam atau kurang),Jalanan Rata,Sepeda Balap (Road Bike)
2,Surabaya,43,Pria,178,73,Cepat (26 km/jam atau lebih),Jalanan Rata,Sepeda Balap (Road Bike)
3,Surabaya,40,Wanita,165,53,Sedang (16 - 25 km/jam),Jalanan Rata,Sepeda Balap (Road Bike)
4,Surabaya,32,Wanita,155,68,Santai (15 km/jam atau kurang),Jalanan Rata,Sepeda Balap (Road Bike)
5,Surabaya,41,Pria,167,59,Cepat (26 km/jam atau lebih),Jalanan Rata,Sepeda Balap (Road Bike)
6,Surabaya,33,Pria,184,75,Cepat (26 km/jam atau lebih),Jalanan Rata,Sepeda Balap (Road Bike)
7,Surabaya,48,Pria,179,78,Cepat (26 km/jam atau lebih),Jalanan Rata,Sepeda Balap (Road Bike)
8,Surabaya,38,Wanita,155,50,Sedang (16 - 25 km/jam),Jalanan Rata,Sepeda Balap (Road Bike)
9,Surabaya,50,Pria,173,83,Cepat (26 km/jam atau lebih),Jalanan Rata,Sepeda Balap (Road Bike)
10,Surabaya,53,Pria,183,80,Cepat (26 km/jam atau lebih),Jalanan Rata,Sepeda Balap (Road Bike)
11,Surabaya,44,Wanita,158,50,Sedang (16 - 25 km/jam),Jalanan Rata,Sepeda Balap (Road Bike)
12,Surabaya,47,Pria,170,79,Santai (15 km/jam atau kurang),Jalanan Rata,Sepeda Balap (Road Bike)
13,Surabaya,36,Pria,167,74,Cepat (26 km/jam atau lebih),Jalanan Rata,Sepeda Balap (Road Bike)
14,Surabaya,49,Pria,165,68,Sedang (16 - 25 km/jam),Jalanan Rata,Sepeda Balap (Road Bike)
15,Surabaya,38,Pria,159,90,Sedang (16 - 25 km/jam),Jalanan Rata,Sepeda Balap (Road Bike)
16,Surabaya,28,Wanita,159,50,Santai (15 km/jam atau kurang),Jalanan Rata,Sepeda Balap (Road Bike)
17,Surabaya,35,Pria,174,70,Cepat (26 km/jam atau lebih),Jalanan Rata,Sepeda Balap (Road Bike)
18,Surabaya,31,Pria,165,85,Cepat (26 km/jam atau lebih),Jalanan Rata,Sepeda Balap (Road Bike)
19,Surabaya,33,Pria,179,65,Cepat (26 km/jam atau lebih),Jalanan Rata,Sepeda Balap (Road Bike)
20,Surabaya,45,Pria,170,70,Cepat (26 km/jam atau lebih),Jalanan Rata,Sepeda Balap (Road Bike)
21,Surabaya,45,Pria,174,80,Cepat (26 km/jam atau lebih),Jalanan Rata,Sepeda Balap (Road Bike)
22,Surabaya,44,Pria,173,70,Sedang (16 - 25 km/jam),Jalanan Rata,Sepeda Balap (Road Bike)
23,Surabaya,32,Pria,168,74,Cepat (26 km/jam atau lebih),Jalanan Rata,Sepeda Balap (Road Bike)
24,Surabaya,40,Pria,170,64,Cepat (26 km/jam atau lebih),Jalanan Rata,Sepeda Balap (Road Bike)
25,Surabaya,35,Pria,175,68,Cepat (26 km/jam atau lebih),Jalanan Rata,Sepeda Balap (Road Bike)
26,Sidoarjo,39,Pria,170,58,Cepat (26 km/jam atau lebih),Jalanan Rata,Sepeda Balap (Road Bike)
27,Surabaya,21,Pria,176,70,Cepat (26 km/jam atau lebih),Jalanan Rata,Sepeda Balap (Road Bike)
28,Surabaya,40,Pria,180,80,Cepat (26 km/jam atau lebih),Jalanan Rata,Sepeda Balap (Road Bike)
29,Surabaya,49,Pria,181,82,Sedang (16 - 25 km/jam),Jalanan Rata,Sepeda Balap (Road Bike)
30,Surabaya,44,Pria,169,65,Cepat (26 km/jam atau lebih),Jalanan Rata,Sepeda Balap (Road Bike)
31,Bandung,37,Pria,176,60,Sedang (16 - 25 km/jam),Jalanan Rata,Sepeda Balap (Road Bike)
32,Bandung,31,Pria,183,82,Sedang (16 - 25 km/jam),Jalanan Rata,Sepeda Balap (Road Bike)
33,Pekalongan,28,Pria,168,65,Cepat (26 km/jam atau lebih),Jalanan Rata,Sepeda Balap (Road Bike)
34,Bandung,32,Pria,167,82,Sedang (16 - 25 km/jam),Jalanan Rata,Sepeda Balap (Road Bike)
35,Bandung,53,Pria,174,74,Cepat (26 km/jam atau lebih),Jalanan Tidak Rata,Sepeda Balap (Road Bike)
36,Bandung,48,Pria,175,80,Sedang (16 - 25 km/jam),Jalanan Rata,Sepeda Balap (Road Bike)
37,Bandung,40,Pria,169,72,Sedang (16 - 25 km/jam),Jalanan Rata,Sepeda Balap (Road Bike)
38,Bekasi,50,Pria,170,80,Sedang (16 - 25 km/jam),Jalanan Rata,Sepeda Balap (Road Bike)
39,Bandung,56,Pria,172,83,Sedang (16 - 25 km/jam),Jalanan Rata,Sepeda Balap (Road Bike)
40,Surabaya,46,Pria,171,65,Cepat (26 km/jam atau lebih),Jalanan Rata,Sepeda Balap (Road Bike)
41,Pekalongan,39,Pria,170,69,Cepat (26 km/jam atau lebih),Jalanan Rata,Sepeda Balap (Road Bike)
42,Pekalongan,47,Wanita,168,75,Santai (15 km/jam atau kurang),Jalanan Rata,Sepeda Balap (Road Bike)
43,Batang,60,Pria,161,62,Sedang (16 - 25 km/jam),Jalanan Tidak Rata,Sepeda Balap (Road Bike)
44,Pekalongan,50,Pria,160,60,Sedang (16 - 25 km/jam),Jalanan Rata,Sepeda Balap (Road Bike)
45,Pekalongan,17,Pria,167,65,Cepat (26 km/jam atau lebih),Jalanan Rata,Sepeda Balap (Road Bike)
46,Pekalongan,16,Pria,168,65,Cepat (26 km/jam atau lebih),Jalanan Rata,Sepeda Balap (Road Bike)
47,Pekalongan,17,Pria,167,65,Cepat (26 km/jam atau lebih),Jalanan Rata,Sepeda Balap (Road Bike)
48,Pekalongan,19,Pria,160,60,Cepat (26 km/jam atau lebih),Jalanan Rata,Sepeda Balap (Road Bike)
49,Pekalongan,17,Wanita,160,65,Cepat (26 km/jam atau lebih),Jalanan Rata,Sepeda Balap (Road Bike)
50,Surabaya,58,Pria,176,75,Cepat (26 km/jam atau lebih),Jalanan Rata,Sepeda Balap (Road Bike)
51,Pekalongan,55,Pria,170,70,Sedang (16 - 25 km/jam),Jalanan Rata,Sepeda Balap (Road Bike)
52,Pekalongan,57,Pria,170,66,Santai (15 km/jam atau kurang),Jalanan Rata,Sepeda Balap (Road Bike)
53,Surabaya,40,Pria,160,58,Sedang (16 - 25 km/jam),Jalanan Rata,Sepeda Balap (Road Bike)
54,Surabaya,47,Pria,165,64,Cepat (26 km/jam atau lebih),Jalanan Rata,Sepeda Balap (Road Bike)
55,Jember,37,Pria,180,99,Cepat (26 km/jam atau lebih),Jalanan Rata,Sepeda Balap (Road Bike)
56,Surabaya,41,Wanita,162,67,Cepat (26 km/jam atau lebih),Jalanan Rata,Sepeda Balap (Road Bike)
57,Surabaya,44,Pria,170,73,Cepat (26 km/jam atau lebih),Jalanan Rata,Sepeda Balap (Road Bike)
58,Surabaya,40,Wanita,154,56,Sedang (16 - 25 km/jam),Jalanan Rata,Sepeda Balap (Road Bike)
59,Surabaya,23,Pria,172,68,Cepat (26 km/jam atau lebih),Jalanan Rata,Sepeda Balap (Road Bike)
60,Surabaya,39,Pria,166,85,Sedang (16 - 25 km/jam),Jalanan Rata,Sepeda Balap (Road Bike)
61,Surabaya,57,Pria,175,75,Sedang (16 - 25 km/jam),Jalanan Rata,Sepeda Balap (Road Bike)
62,Surabaya,49,Wanita,161,57,Sedang (16 - 25 km/jam),Jalanan Rata,Sepeda Balap (Road Bike)
63,Surabaya,78,Pria,173,75,Sedang (16 - 25 km/jam),Jalanan Rata,Sepeda Balap (Road Bike)
64,Surabaya,23,Pria,164,95,Santai (15 km/jam atau kurang),Jalanan Rata,Sepeda Balap (Road Bike)
65,Surabaya,53,Pria,170,64,Sedang (16 - 25 km/jam),Jalanan Rata,Sepeda Balap (Road Bike)
66,Surabaya,44,Wanita,168,58,Sedang (16 - 25 km/jam),Jalanan Rata,Sepeda Balap (Road Bike)
67,Surabaya,56,Wanita,168,55,Sedang (16 - 25 km/jam),Jalanan Rata,Sepeda Balap (Road Bike)
68,Surabaya,20,Pria,154,58,Sedang (16 - 25 km/jam),Jalanan Rata,Sepeda Balap (Road Bike)
69,Surabaya,47,Pria,170,91,Sedang (16 - 25 km/jam),Jalanan Rata,Sepeda Balap (Road Bike)
70,Surabaya,27,Pria,163,63,Sedang (16 - 25 km/jam),Jalanan Rata,Sepeda Balap (Road Bike)
71,Surabaya,44,Pria,170,76,Sedang (16 - 25 km/jam),Jalanan Rata,Sepeda Balap (Road Bike)
72,Surabaya,38,Wanita,165,54,Sedang (16 - 25 km/jam),Jalanan Rata,Sepeda Balap (Road Bike)
73,Surabaya,54,Pria,161,87,Sedang (16 - 25 km/jam),Jalanan Rata,Sepeda Balap (Road Bike)
74,Surabaya,35,Pria,162,76,Sedang (16 - 25 km/jam),Jalanan Rata,Sepeda Balap (Road Bike)
75,Surabaya,55,Wanita,154,52,Sedang (16 - 25 km/jam),Jalanan Rata,Sepeda Balap (Road Bike)
76,Surabaya,41,Wanita,153,54,Sedang (16 - 25 km/jam),Jalanan Rata,Sepeda Balap (Road Bike)
77,Surabaya,39,Pria,168,64,Sedang (16 - 25 km/jam),Jalanan Rata,Sepeda Balap (Road Bike)
78,Surabaya,32,Wanita,154,53,Sedang (16 - 25 km/jam),Jalanan Rata,Sepeda Balap (Road Bike)
79,Surabaya,21,Pria,161,65,Cepat (26 km/jam atau lebih),Jalanan Rata,Sepeda Balap (Road Bike)
80,Surabaya,30,Wanita,154,60,Sedang (16 - 25 km/jam),Jalanan Rata,Sepeda Balap (Road Bike)
81,Surabaya,29,Pria,175,92,Cepat (26 km/jam atau lebih),Jalanan Rata,Sepeda Balap (Road Bike)
82,Surabaya,49,Pria,161,68,Sedang (16 - 25 km/jam),Jalanan Rata,Sepeda Balap (Road Bike)
83,Surabaya,41,Pria,165,78,Sedang (16 - 25 km/jam),Jalanan Rata,Sepeda Balap (Road Bike)
84,Surabaya,27,Pria,178,73,Cepat (26 km/jam atau lebih),Jalanan Rata,Sepeda Balap (Road Bike)
85,Surabaya,22,Pria,177,77,Sedang (16 - 25 km/jam),Jalanan Rata,Sepeda Balap (Road Bike)
86,Surabaya,41,Pria,168,70,Cepat (26 km/jam atau lebih),Jalanan Rata,Sepeda Balap (Road Bike)
87,Surabaya,30,Pria,167,68,Sedang (16 - 25 km/jam),Jalanan Rata,Sepeda Balap (Road Bike)
88,Surabaya,39,Pria,170,72,Cepat (26 km/jam atau lebih),Jalanan Rata,Sepeda Balap (Road Bike)
89,Surabaya,22,Pria,173,75,Sedang (16 - 25 km/jam),Jalanan Rata,Sepeda Balap (Road Bike)
90,Surabaya,53,Pria,180,88,Sedang (16 - 25 km/jam),Jalanan Rata,Sepeda Balap (Road Bike)
91,Surabaya,25,Pria,166,87,Sedang (16 - 25 km/jam),Jalanan Rata,Sepeda Balap (Road Bike)
92,Surabaya,59,Wanita,165,55,Sedang (16 - 25 km/jam),Jalanan Rata,Sepeda Balap (Road Bike)
93,Surabaya,59,Pria,174,81,Sedang (16 - 25 km/jam),Jalanan Rata,Sepeda Balap (Road Bike)
94,Surabaya,37,Pria,171,65,Sedang (16 - 25 km/jam),Jalanan Rata,Sepeda Balap (Road Bike)
95,Surabaya,34,Pria,163,78,Cepat (26 km/jam atau lebih),Jalanan Rata,Sepeda Balap (Road Bike)
96,Surabaya,48,Pria,180,63,Cepat (26 km/jam atau lebih),Jalanan Rata,Sepeda Balap (Road Bike)
97,Surabaya,40,Pria,180,78,Santai (15 km/jam atau kurang),Jalanan Rata,Sepeda Balap (Road Bike)
98,Surabaya,27,Pria,180,80,Sedang (16 - 25 km/jam),Jalanan Rata,Sepeda Balap (Road Bike)
99,Surabaya,22,Pria,165,69,Sedang (16 - 25 km/jam),Jalanan Rata,Sepeda Balap (Road Bike)
100,Surabaya,51,Pria,180,69,Santai (15 km/jam atau kurang),Jalanan Rata,Sepeda Balap (Road Bike)
101,Surabaya,24,Pria,163,61,Sedang (16 - 25 km/jam),Jalanan Rata,Sepeda Balap (Road Bike)
102,Surabaya,26,Wanita,159,53,Santai (15 km/jam atau kurang),Jalanan Rata,Sepeda Balap (Road Bike)
103,Surabaya,56,Pria,178,99,Sedang (16 - 25 km/jam),Jalanan Rata,Sepeda Balap (Road Bike)
104,Surabaya,49,Pria,174,82,Sedang (16 - 25 km/jam),Jalanan Rata,Sepeda Balap (Road Bike)
105,Surabaya,22,Pria,173,65,Sedang (16 - 25 km/jam),Jalanan Rata,Sepeda Balap (Road Bike)
106,Surabaya,28,Pria,162,83,Sedang (16 - 25 km/jam),Jalanan Rata,Sepeda Balap (Road Bike)
107,Surabaya,32,Pria,176,70,Sedang (16 - 25 km/jam),Jalanan Rata,Sepeda Balap (Road Bike)
108,Surabaya,46,Pria,172,83,Cepat (26 km/jam atau lebih),Jalanan Rata,Sepeda Balap (Road Bike)
109,Surabaya,28,Pria,178,75,Sedang (16 - 25 km/jam),Jalanan Rata,Sepeda Balap (Road Bike)
110,Surabaya,31,Pria,185,91,Sedang (16 - 25 km/jam),Jalanan Rata,Sepeda Balap (Road Bike)
111,Surabaya,52,Pria,174,88,Sedang (16 - 25 km/jam),Jalanan Rata,Sepeda Balap (Road Bike)
112,Surabaya,56,Pria,179,80,Santai (15 km/jam atau kurang),Jalanan Rata,Sepeda Balap (Road Bike)
113,Surabaya,59,Pria,176,83,Sedang (16 - 25 km/jam),Jalanan Rata,Sepeda Balap (Road Bike)
114,Surabaya,60,Pria,188,98,Cepat (26 km/jam atau lebih),Jalanan Rata,Sepeda Balap (Road Bike)
115,Surabaya,52,Wanita,155,56,Sedang (16 - 25 km/jam),Jalanan Rata,Sepeda Balap (Road Bike)
116,Surabaya,58,Pria,162,63,Sedang (16 - 25 km/jam),Jalanan Rata,Sepeda Balap (Road Bike)
117,Surabaya,54,Pria,172,74,Sedang (16 - 25 km/jam),Jalanan Rata,Sepeda Balap (Road Bike)
118,Surabaya,21,Wanita,154,41,Sedang (16 - 25 km/jam),Jalanan Rata,Sepeda Balap (Road Bike)
119,Surabaya,56,Pria,180,80,Sedang (16 - 25 km/jam),Jalanan Rata,Sepeda Balap (Road Bike)
120,Surabaya,48,Pria,172,75,Cepat (26 km/jam atau lebih),Jalanan Rata,Sepeda Balap (Road Bike)
121,Surabaya,11,Pria,166,44,Cepat (26 km/jam atau lebih),Jalanan Rata,Sepeda Balap (Road Bike)
122,Surabaya,48,Pria,172,74,Sedang (16 - 25 km/jam),Jalanan Rata,Sepeda Balap (Road Bike)
123,Surabaya,38,Pria,177,75,Sedang (16 - 25 km/jam),Jalanan Rata,Sepeda Balap (Road Bike)
124,Surabaya,58,Wanita,148,56,Sedang (16 - 25 km/jam),Jalanan Rata,Sepeda Balap (Road Bike)
125,Surabaya,53,Pria,174,83,Cepat (26 km/jam atau lebih),Jalanan Rata,Sepeda Balap (Road Bike)
126,Surabaya,54,Pria,165,73,Sedang (16 - 25 km/jam),Jalanan Rata,Sepeda Balap (Road Bike)
127,Surabaya,42,Pria,170,63,Sedang (16 - 25 km/jam),Jalanan Rata,Sepeda Balap (Road Bike)
128,Surabaya,56,Wanita,164,53,Sedang (16 - 25 km/jam),Jalanan Rata,Sepeda Balap (Road Bike)
129,Surabaya,14,Pria,174,70,Sedang (16 - 25 km/jam),Jalanan Rata,Sepeda Balap (Road Bike)
130,Surabaya,35,Pria,162,61,Cepat (26 km/jam atau lebih),Jalanan Rata,Sepeda Balap (Road Bike)
131,Surabaya,34,Pria,174,80,Sedang (16 - 25 km/jam),Jalanan Rata,Sepeda Balap (Road Bike)
132,Surabaya,27,Pria,162,75,Sedang (16 - 25 km/jam),Jalanan Rata,Sepeda Balap (Road Bike)
133,Surabaya,46,Pria,184,96,Sedang (16 - 25 km/jam),Jalanan Rata,Sepeda Balap (Road Bike)
134,Surabaya,22,Pria,188,77,Sedang (16 - 25 km/jam),Jalanan Rata,Sepeda Balap (Road Bike)
135,Surabaya,39,Pria,161,84,Sedang (16 - 25 km/jam),Jalanan Rata,Sepeda Balap (Road Bike)
136,Surabaya,27,Pria,188,75,Sedang (16 - 25 km/jam),Jalanan Rata,Sepeda Balap (Road Bike)
137,Surabaya,38,Pria,188,77,Sedang (16 - 25 km/jam),Jalanan Rata,Sepeda Balap (Road Bike)
138,Surabaya,40,Pria,162,71,Sedang (16 - 25 km/jam),Jalanan Rata,Sepeda Balap (Road Bike)
139,Surabaya,31,Pria,179,77,Sedang (16 - 25 km/jam),Jalanan Rata,Sepeda Balap (Road Bike)
140,Surabaya,18,Pria,172,64,Sedang (16 - 25 km/jam),Jalanan Rata,Sepeda Gunung (Mountain Bike/MTB)
141,Pekalongan,35,Pria,170,73,Santai (15 km/jam atau kurang),Jalanan Rata,Sepeda Gunung (Mountain Bike/MTB)
142,Indramayu,53,Wanita,157,90,Santai (15 km/jam atau kurang),Jalanan Rata,Sepeda Gunung (Mountain Bike/MTB)
143,Pekalongan,53,Pria,165,65,Sedang (16 - 25 km/jam),Jalanan Rata,Sepeda Gunung (Mountain Bike/MTB)
144,Kota Cirebon,42,Pria,165,60,Santai (15 km/jam atau kurang),Jalanan Tidak Rata,Sepeda Gunung (Mountain Bike/MTB)
145,Pekalongan,42,Pria,169,80,Santai (15 km/jam atau kurang),Jalanan Rata,Sepeda Gunung (Mountain Bike/MTB)
146,Bogor,46,Pria,168,90,Santai (15 km/jam atau kurang),Jalanan Rata,Sepeda Gunung (Mountain Bike/MTB)
147,Pati,40,Pria,167,68,Santai (15 km/jam atau kurang),Jalanan Rata,Sepeda Gunung (Mountain Bike/MTB)
148,Semarang,46,Pria,178,94,Sedang (16 - 25 km/jam),Jalanan Tidak Rata,Sepeda Gunung (Mountain Bike/MTB)
149,Pekalongan,28,Pria,168,70,Sedang (16 - 25 km/jam),Jalanan Rata,Sepeda Gunung (Mountain Bike/MTB)
150,Pekalongan,53,Pria,169,74,Sedang (16 - 25 km/jam),Jalanan Rata,Sepeda Gunung (Mountain Bike/MTB)
151,Pekalongan,40,Pria,165,70,Sedang (16 - 25 km/jam),Jalanan Rata,Sepeda Gunung (Mountain Bike/MTB)
152,Pekalongan,41,Pria,165,65,Sedang (16 - 25 km/jam),Jalanan Rata,Sepeda Gunung (Mountain Bike/MTB)
153,Pekalongan,34,Pria,181,88,Cepat (26 km/jam atau lebih),Jalanan Rata,Sepeda Gunung (Mountain Bike/MTB)
154,Pekalongan,48,Pria,165,69,Cepat (26 km/jam atau lebih),Jalanan Tidak Rata,Sepeda Gunung (Mountain Bike/MTB)
155,Pekalongan,58,Pria,172,82,Sedang (16 - 25 km/jam),Jalanan Rata,Sepeda Gunung (Mountain Bike/MTB)
156,Semarang,45,Pria,172,99,Santai (15 km/jam atau kurang),Jalanan Rata,Sepeda Gunung (Mountain Bike/MTB)
157,Pekalongan,47,Pria,170,80,Sedang (16 - 25 km/jam),Jalanan Rata,Sepeda Gunung (Mountain Bike/MTB)
158,Pekalongan,40,Pria,158,63,Sedang (16 - 25 km/jam),Jalanan Tidak Rata,Sepeda Gunung (Mountain Bike/MTB)
159,Pekalongan,44,Pria,165,65,Sedang (16 - 25 km/jam),Jalanan Tidak Rata,Sepeda Gunung (Mountain Bike/MTB)
160,Cirebon,42,Pria,171,84,Sedang (16 - 25 km/jam),Jalanan Tidak Rata,Sepeda Gunung (Mountain Bike/MTB)
161,Pekalongan,32,Pria,165,60,Sedang (16 - 25 km/jam),Jalanan Rata,Sepeda Gunung (Mountain Bike/MTB)
162,Surabaya,22,Pria,167,95,Sedang (16 - 25 km/jam),Jalanan Rata,Sepeda Gunung (Mountain Bike/MTB)
163,Surabaya,25,Pria,167,85,Sedang (16 - 25 km/jam),Jalanan Rata,Sepeda Gunung (Mountain Bike/MTB)
164,Surabaya,48,Wanita,160,60,Santai (15 km/jam atau kurang),Jalanan Rata,Sepeda Gunung (Mountain Bike/MTB)
165,Jombang,24,Pria,164,68,Santai (15 km/jam atau kurang),Jalanan Rata,Sepeda Gunung (Mountain Bike/MTB)
166,Samarinda,34,Pria,176,86,Sedang (16 - 25 km/jam),Jalanan Tidak Rata,Sepeda Gunung (Mountain Bike/MTB)
167,Surabaya,48,Pria,178,74,Sedang (16 - 25 km/jam),Jalanan Rata,Sepeda Gunung (Mountain Bike/MTB)
168,Surabaya,30,Pria,170,90,Santai (15 km/jam atau kurang),Jalanan Rata,Sepeda Gunung (Mountain Bike/MTB)
169,Surabaya,33,Pria,175,75,Cepat (26 km/jam atau lebih),Jalanan Rata,Sepeda Gunung (Mountain Bike/MTB)
170,Surabaya,37,Pria,180,85,Santai (15 km/jam atau kurang),Jalanan Rata,Sepeda Gunung (Mountain Bike/MTB)
171,Surabaya,28,Pria,176,65,Santai (15 km/jam atau kurang),Jalanan Rata,Sepeda Gunung (Mountain Bike/MTB)
172,Surabaya,33,Wanita,167,63,Santai (15 km/jam atau kurang),Jalanan Rata,Sepeda Gunung (Mountain Bike/MTB)
173,Pekalongan,19,Pria,178,93,Sedang (16 - 25 km/jam),Jalanan Rata,Sepeda Gunung (Mountain Bike/MTB)
174,Batang,22,Wanita,152,43,Santai (15 km/jam atau kurang),Jalanan Rata,Sepeda Gunung (Mountain Bike/MTB)
175,Comal,19,Wanita,155,40,Santai (15 km/jam atau kurang),Jalanan Rata,Sepeda Gunung (Mountain Bike/MTB)
176,Batang,20,Pria,159,65,Santai (15 km/jam atau kurang),Jalanan Rata,Sepeda Gunung (Mountain Bike/MTB)
177,Pekalongan,18,Wanita,160,70,Sedang (16 - 25 km/jam),Jalanan Rata,Sepeda Gunung (Mountain Bike/MTB)
178,Pekalongan,20,Pria,170,57,Sedang (16 - 25 km/jam),Jalanan Rata,Sepeda Gunung (Mountain Bike/MTB)
179,Surabaya,40,Wanita,165,56,Santai (15 km/jam atau kurang),Jalanan Rata,Sepeda Gunung (Mountain Bike/MTB)
180,Pekalongan,52,Pria,160,55,Sedang (16 - 25 km/jam),Jalanan Rata,Sepeda Gunung (Mountain Bike/MTB)
181,Madura,30,Pria,180,78,Sedang (16 - 25 km/jam),Jalanan Tidak Rata,Sepeda Gunung (Mountain Bike/MTB)
182,Pekalongan,54,Pria,155,50,Santai (15 km/jam atau kurang),Jalanan Rata,Sepeda Gunung (Mountain Bike/MTB)
183,Pekalongan,39,Pria,170,65,Santai (15 km/jam atau kurang),Jalanan Tidak Rata,Sepeda Gunung (Mountain Bike/MTB)
184,Surabaya,37,Pria,172,78,Sedang (16 - 25 km/jam),Jalanan Tidak Rata,Sepeda Gunung (Mountain Bike/MTB)
185,Surabaya,40,Pria,175,80,Santai (15 km/jam atau kurang),Jalanan Rata,Sepeda Gunung (Mountain Bike/MTB)
186,Pekalongan,20,Wanita,155,52,Santai (15 km/jam atau kurang),Jalanan Rata,Sepeda Gunung (Mountain Bike/MTB)
187,Pekalongan,19,Wanita,158,49,Sedang (16 - 25 km/jam),Jalanan Rata,Sepeda Gunung (Mountain Bike/MTB)
188,Surabaya,28,Pria,165,78,Sedang (16 - 25 km/jam),Jalanan Rata,Sepeda Gunung (Mountain Bike/MTB)
189,Batang,32,Pria,164,55,Sedang (16 - 25 km/jam),Jalanan Rata,Sepeda Gunung (Mountain Bike/MTB)
190,Pekalongan,50,Pria,170,85,Santai (15 km/jam atau kurang),Jalanan Rata,Sepeda Gunung (Mountain Bike/MTB)
191,Pekalongan,18,Wanita,154,32,Santai (15 km/jam atau kurang),Jalanan Rata,Sepeda Gunung (Mountain Bike/MTB)
192,Pekalongan,52,Pria,155,65,Santai (15 km/jam atau kurang),Jalanan Rata,Sepeda Gunung (Mountain Bike/MTB)
193,Pekalongan,55,Wanita,155,49,Santai (15 km/jam atau kurang),Jalanan Rata,Sepeda Gunung (Mountain Bike/MTB)
194,Samarinda,35,Pria,172,85,Sedang (16 - 25 km/jam),Jalanan Rata,Sepeda Gunung (Mountain Bike/MTB)
195,Samarinda,48,Pria,172,74,Sedang (16 - 25 km/jam),Jalanan Rata,Sepeda Gunung (Mountain Bike/MTB)
196,Samarinda,34,Pria,165,77,Santai (15 km/jam atau kurang),Jalanan Rata,Sepeda Gunung (Mountain Bike/MTB)
197,Tangerang,58,Pria,170,70,Sedang (16 - 25 km/jam),Jalanan Rata,Sepeda Gunung (Mountain Bike/MTB)
198,Samarinda,50,Pria,171,55,Santai (15 km/jam atau kurang),Jalanan Rata,Sepeda Gunung (Mountain Bike/MTB)
199,Samarinda,40,Pria,165,57,Sedang (16 - 25 km/jam),Jalanan Tidak Rata,Sepeda Gunung (Mountain Bike/MTB)
200,Surabaya,44,Wanita,159,52,Santai (15 km/jam atau kurang),Jalanan Rata,Sepeda Gunung (Mountain Bike/MTB)
201,Pekalongan,18,Wanita,155,45,Sedang (16 - 25 km/jam),Jalanan Rata,Sepeda Gunung (Mountain Bike/MTB)
202,Pekalongan,19,Wanita,154,42,Santai (15 km/jam atau kurang),Jalanan Rata,Sepeda Gunung (Mountain Bike/MTB)
203,Surabaya,43,Pria,175,80,Santai (15 km/jam atau kurang),Jalanan Rata,Sepeda Gunung (Mountain Bike/MTB)
204,Surabaya,36,Pria,171,60,Santai (15 km/jam atau kurang),Jalanan Rata,Sepeda Gunung (Mountain Bike/MTB)
205,Surabaya,29,Pria,165,75,Santai (15 km/jam atau kurang),Jalanan Rata,Sepeda Gunung (Mountain Bike/MTB)
206,Balikpapan,40,Pria,173,56,Sedang (16 - 25 km/jam),Jalanan Rata,Sepeda Gunung (Mountain Bike/MTB)
207,Balikpapan,40,Pria,175,78,Sedang (16 - 25 km/jam),Jalanan Tidak Rata,Sepeda Gunung (Mountain Bike/MTB)
208,Samarinda,40,Pria,169,95,Sedang (16 - 25 km/jam),Jalanan Rata,Sepeda Gunung (Mountain Bike/MTB)
209,Tangerang,32,Wanita,163,65,Santai (15 km/jam atau kurang),Jalanan Tidak Rata,Sepeda Gunung (Mountain Bike/MTB)
210,Bandung,34,Pria,165,67,Sedang (16 - 25 km/jam),Jalanan Tidak Rata,Sepeda Gunung (Mountain Bike/MTB)
211,Bandung,36,Pria,171,73,Sedang (16 - 25 km/jam),Jalanan Tidak Rata,Sepeda Gunung (Mountain Bike/MTB)
212,Pekalongan,19,Wanita,162,52,Sedang (16 - 25 km/jam),Jalanan Tidak Rata,Sepeda Gunung (Mountain Bike/MTB)
213,Pekalongan,38,Pria,167,65,Sedang (16 - 25 km/jam),Jalanan Tidak Rata,Sepeda Gunung (Mountain Bike/MTB)
214,Bandung,39,Pria,156,57,Sedang (16 - 25 km/jam),Jalanan Tidak Rata,Sepeda Gunung (Mountain Bike/MTB)
215,Bandung,63,Pria,165,74,Sedang (16 - 25 km/jam),Jalanan Tidak Rata,Sepeda Gunung (Mountain Bike/MTB)
216,Bandung,41,Pria,165,67,Santai (15 km/jam atau kurang),Jalanan Rata,Sepeda Gunung (Mountain Bike/MTB)
217,Pekalongan,32,Pria,166,78,Sedang (16 - 25 km/jam),Jalanan Rata,Sepeda Gunung (Mountain Bike/MTB)
218,Bandung,35,Pria,173,98,Sedang (16 - 25 km/jam),Jalanan Rata,Sepeda Gunung (Mountain Bike/MTB)
219,Bogor,33,Pria,169,63,Sedang (16 - 25 km/jam),Jalanan Rata,Sepeda Gunung (Mountain Bike/MTB)
220,Pekalongan,47,Pria,178,73,Sedang (16 - 25 km/jam),Jalanan Rata,Sepeda Gunung (Mountain Bike/MTB)
221,Pekalongan,56,Pria,165,59,Santai (15 km/jam atau kurang),Jalanan Rata,Sepeda Gunung (Mountain Bike/MTB)
222,Surabaya,45,Wanita,160,70,Sedang (16 - 25 km/jam),Jalanan Rata,Sepeda Gunung (Mountain Bike/MTB)
223,Surabaya,54,Pria,179,60,Sedang (16 - 25 km/jam),Jalanan Tidak Rata,Sepeda Gunung (Mountain Bike/MTB)
224,Malang,32,Wanita,153,99,Santai (15 km/jam atau kurang),Jalanan Rata,Sepeda Gunung (Mountain Bike/MTB)
225,Surabaya,34,Wanita,163,62,Santai (15 km/jam atau kurang),Jalanan Rata,Sepeda Gunung (Mountain Bike/MTB)
226,Pekalongan,42,Pria,181,74,Santai (15 km/jam atau kurang),Jalanan Tidak Rata,Sepeda Gunung (Mountain Bike/MTB)
227,Pekalongan,41,Pria,173,75,Sedang (16 - 25 km/jam),Jalanan Rata,Sepeda Gunung (Mountain Bike/MTB)
228,Pekalongan,55,Pria,163,71,Sedang (16 - 25 km/jam),Jalanan Tidak Rata,Sepeda Gunung (Mountain Bike/MTB)
229,Pekalongan,27,Pria,165,85,Santai (15 km/jam atau kurang),Jalanan Rata,Sepeda Gunung (Mountain Bike/MTB)
230,Pekalongan,21,Pria,168,60,Sedang (16 - 25 km/jam),Jalanan Tidak Rata,Sepeda Gunung (Mountain Bike/MTB)
231,Pekalongan,54,Pria,168,65,Sedang (16 - 25 km/jam),Jalanan Tidak Rata,Sepeda Gunung (Mountain Bike/MTB)
232,Pekalongan,53,Pria,167,65,Sedang (16 - 25 km/jam),Jalanan Rata,Sepeda Gunung (Mountain Bike/MTB)
233,Malang,44,Wanita,160,49,Sedang (16 - 25 km/jam),Jalanan Tidak Rata,Sepeda Gunung (Mountain Bike/MTB)
234,Pekalongan,41,Pria,168,71,Sedang (16 - 25 km/jam),Jalanan Tidak Rata,Sepeda Gunung (Mountain Bike/MTB)
235,Pekalongan,35,Pria,167,60,Sedang (16 - 25 km/jam),Jalanan Rata,Sepeda Gunung (Mountain Bike/MTB)
236,Bandung,47,Pria,170,62,Sedang (16 - 25 km/jam),Jalanan Tidak Rata,Sepeda Gunung (Mountain Bike/MTB)
237,Pekalongan,46,Pria,170,65,Sedang (16 - 25 km/jam),Jalanan Rata,Sepeda Gunung (Mountain Bike/MTB)
238,Pekalongan,39,Pria,166,45,Sedang (16 - 25 km/jam),Jalanan Rata,Sepeda Gunung (Mountain Bike/MTB)
239,Pekalongan,40,Pria,170,71,Santai (15 km/jam atau kurang),Jalanan Rata,Sepeda Gunung (Mountain Bike/MTB)
240,Bandung,32,Pria,167,48,Santai (15 km/jam atau kurang),Jalanan Tidak Rata,Sepeda Gunung (Mountain Bike/MTB)
241,Pekalongan,45,Wanita,159,75,Sedang (16 - 25 km/jam),Jalanan Rata,Sepeda Gunung (Mountain Bike/MTB)
242,Pekalongan,57,Pria,165,67,Sedang (16 - 25 km/jam),Jalanan Rata,Sepeda Gunung (Mountain Bike/MTB)
243,Pekalongan,40,Pria,165,80,Santai (15 km/jam atau kurang),Jalanan Tidak Rata,Sepeda Gunung (Mountain Bike/MTB)
244,Pekalongan,50,Pria,173,78,Santai (15 km/jam atau kurang),Jalanan Rata,Sepeda Gunung (Mountain Bike/MTB)
245,Pekalongan,61,Pria,172,65,Sedang (16 - 25 km/jam),Jalanan Tidak Rata,Sepeda Gunung (Mountain Bike/MTB)
246,Pekalongan,53,Pria,168,60,Sedang (16 - 25 km/jam),Jalanan Tidak Rata,Sepeda Gunung (Mountain Bike/MTB)
247,Pekalongan,37,Pria,168,68,Sedang (16 - 25 km/jam),Jalanan Rata,Sepeda Gunung (Mountain Bike/MTB)
248,Padang,42,Pria,167,58,Santai (15 km/jam atau kurang),Jalanan Rata,Sepeda Gunung (Mountain Bike/MTB)
249,Pekalongan,30,Pria,155,55,Sedang (16 - 25 km/jam),Jalanan Tidak Rata,Sepeda Gunung (Mountain Bike/MTB)
250,Pekalongan,40,Pria,165,70,Sedang (16 - 25 km/jam),Jalanan Tidak Rata,Sepeda Gunung (Mountain Bike/MTB)
251,Pekalongan,33,Pria,173,86,Sedang (16 - 25 km/jam),Jalanan Rata,Sepeda Gunung (Mountain Bike/MTB)
252,Purwokerto,47,Pria,174,75,Sedang (16 - 25 km/jam),Jalanan Rata,Sepeda Gunung (Mountain Bike/MTB)
253,Pekalongan,40,Pria,165,78,Sedang (16 - 25 km/jam),Jalanan Rata,Sepeda Gunung (Mountain Bike/MTB)
254,Pekalongan,50,Pria,172,84,Sedang (16 - 25 km/jam),Jalanan Rata,Sepeda Gunung (Mountain Bike/MTB)
255,Pekalongan,31,Pria,165,55,Sedang (16 - 25 km/jam),Jalanan Tidak Rata,Sepeda Gunung (Mountain Bike/MTB)
256,Pekalongan,43,Pria,170,60,Santai (15 km/jam atau kurang),Jalanan Rata,Sepeda Gunung (Mountain Bike/MTB)
257,Batang,44,Pria,161,65,Sedang (16 - 25 km/jam),Jalanan Tidak Rata,Sepeda Gunung (Mountain Bike/MTB)
258,Pekalongan,42,Pria,168,85,Sedang (16 - 25 km/jam),Jalanan Rata,Sepeda Gunung (Mountain Bike/MTB)
259,Batang,48,Pria,168,60,Sedang (16 - 25 km/jam),Jalanan Tidak Rata,Sepeda Gunung (Mountain Bike/MTB)
260,Pekalongan,45,Pria,165,70,Santai (15 km/jam atau kurang),Jalanan Tidak Rata,Sepeda Gunung (Mountain Bike/MTB)
261,Pekalongan,33,Pria,165,65,Sedang (16 - 25 km/jam),Jalanan Rata,Sepeda Gunung (Mountain Bike/MTB)
262,Pekalongan,47,Pria,160,67,Santai (15 km/jam atau kurang),Jalanan Rata,Sepeda Gunung (Mountain Bike/MTB)
263,Pekalongan,50,Pria,158,65,Sedang (16 - 25 km/jam),Jalanan Tidak Rata,Sepeda Gunung (Mountain Bike/MTB)
264,Pekalongan,52,Pria,165,75,Sedang (16 - 25 km/jam),Jalanan Rata,Sepeda Gunung (Mountain Bike/MTB)
265,Pekalongan,54,Pria,170,80,Sedang (16 - 25 km/jam),Jalanan Rata,Sepeda Gunung (Mountain Bike/MTB)
266,Pekalongan,41,Pria,165,60,Sedang (16 - 25 km/jam),Jalanan Tidak Rata,Sepeda Gunung (Mountain Bike/MTB)
267,Pekalongan,31,Pria,167,82,Santai (15 km/jam atau kurang),Jalanan Tidak Rata,Sepeda Gunung (Mountain Bike/MTB)
268,Pekalongan,60,Pria,161,65,Santai (15 km/jam atau kurang),Jalanan Rata,Sepeda Gunung (Mountain Bike/MTB)
269,Pekalongan,40,Pria,170,70,Cepat (26 km/jam atau lebih),Jalanan Tidak Rata,Sepeda Gunung (Mountain Bike/MTB)
270,Pekalongan,41,Pria,160,50,Sedang (16 - 25 km/jam),Jalanan Tidak Rata,Sepeda Gunung (Mountain Bike/MTB)
271,Purbalingga,41,Pria,167,50,Santai (15 km/jam atau kurang),Jalanan Rata,Sepeda Gunung (Mountain Bike/MTB)
272,Pekalongan,54,Pria,167,60,Sedang (16 - 25 km/jam),Jalanan Rata,Sepeda Gunung (Mountain Bike/MTB)
273,Pekalongan,47,Wanita,152,52,Santai (15 km/jam atau kurang),Jalanan Rata,Sepeda Gunung (Mountain Bike/MTB)
274,Pekalongan,47,Pria,170,70,Sedang (16 - 25 km/jam),Jalanan Tidak Rata,Sepeda Gunung (Mountain Bike/MTB)
275,Pekalongan,31,Pria,170,69,Santai (15 km/jam atau kurang),Jalanan Rata,Sepeda Gunung (Mountain Bike/MTB)
276,Batang,71,Pria,150,45,Sedang (16 - 25 km/jam),Jalanan Tidak Rata,Sepeda Gunung (Mountain Bike/MTB)
277,Pekalongan,49,Wanita,158,50,Sedang (16 - 25 km/jam),Jalanan Rata,Sepeda Gunung (Mountain Bike/MTB)
278,Pekalongan,39,Pria,170,72,Sedang (16 - 25 km/jam),Jalanan Tidak Rata,Sepeda Gunung (Mountain Bike/MTB)
279,Bandung,37,Pria,174,85,Santai (15 km/jam atau kurang),Jalanan Rata,Sepeda Gunung (Mountain Bike/MTB)
280,Pekalongan,39,Pria,165,50,Sedang (16 - 25 km/jam),Jalanan Rata,Sepeda Gunung (Mountain Bike/MTB)
281,Batang,45,Pria,165,69,Sedang (16 - 25 km/jam),Jalanan Tidak Rata,Sepeda Gunung (Mountain Bike/MTB)
282,Pekalongan,40,Pria,163,55,Santai (15 km/jam atau kurang),Jalanan Tidak Rata,Sepeda Gunung (Mountain Bike/MTB)
283,Surabaya,24,Pria,178,63,Sedang (16 - 25 km/jam),Jalanan Rata,Sepeda Gunung (Mountain Bike/MTB)
284,Pekalongan,43,Pria,170,79,Sedang (16 - 25 km/jam),Jalanan Tidak Rata,Sepeda Gunung (Mountain Bike/MTB)
285,Pekalongan,55,Pria,158,60,Sedang (16 - 25 km/jam),Jalanan Rata,Sepeda Gunung (Mountain Bike/MTB)
286,Kudus,32,Pria,168,73,Sedang (16 - 25 km/jam),Jalanan Rata,Sepeda Gunung (Mountain Bike/MTB)
287,Pekalongan,47,Pria,167,65,Cepat (26 km/jam atau lebih),Jalanan Tidak Rata,Sepeda Gunung (Mountain Bike/MTB)
288,Pekalongan,59,Pria,175,65,Sedang (16 - 25 km/jam),Jalanan Rata,Sepeda Gunung (Mountain Bike/MTB)
289,Pekalongan,46,Pria,168,73,Sedang (16 - 25 km/jam),Jalanan Rata,Sepeda Gunung (Mountain Bike/MTB)
290,Purwokerto,47,Pria,172,99,Santai (15 km/jam atau kurang),Jalanan Tidak Rata,Sepeda Gunung (Mountain Bike/MTB)
291,Wonosobo,49,Pria,165,80,Santai (15 km/jam atau kurang),Jalanan Rata,Sepeda Gunung (Mountain Bike/MTB)
292,Pekalongan,43,Pria,155,48,Sedang (16 - 25 km/jam),Jalanan Rata,Sepeda Gunung (Mountain Bike/MTB)
293,Pekalongan,40,Pria,173,74,Santai (15 km/jam atau kurang),Jalanan Rata,Sepeda Gunung (Mountain Bike/MTB)
294,Purwokerto,48,Pria,178,72,Sedang (16 - 25 km/jam),Jalanan Tidak Rata,Sepeda Gunung (Mountain Bike/MTB)
295,Sukoharjo,39,Pria,155,65,Sedang (16 - 25 km/jam),Jalanan Tidak Rata,Sepeda Gunung (Mountain Bike/MTB)
296,Pekalongan,36,Pria,180,80,Sedang (16 - 25 km/jam),Jalanan Rata,Sepeda Gunung (Mountain Bike/MTB)
297,Pekalongan,32,Pria,172,57,Sedang (16 - 25 km/jam),Jalanan Tidak Rata,Sepeda Gunung (Mountain Bike/MTB)
298,Pekalongan,58,Pria,172,85,Sedang (16 - 25 km/jam),Jalanan Rata,Sepeda Gunung (Mountain Bike/MTB)
299,Pekalongan,70,Pria,168,68,Santai (15 km/jam atau kurang),Jalanan Tidak Rata,Sepeda Gunung (Mountain Bike/MTB)
300,Pekalongan,44,Pria,165,65,Santai (15 km/jam atau kurang),Jalanan Tidak Rata,Sepeda Gunung (Mountain Bike/MTB)
301,Bandung,30,Pria,171,73,Santai (15 km/jam atau kurang),Jalanan Tidak Rata,Sepeda Gunung (Mountain Bike/MTB)
302,Pekalongan,34,Pria,162,60,Sedang (16 - 25 km/jam),Jalanan Tidak Rata,Sepeda Gunung (Mountain Bike/MTB)
303,Pekalongan,50,Pria,170,85,Santai (15 km/jam atau kurang),Jalanan Rata,Sepeda Gunung (Mountain Bike/MTB)
304,Bandung,51,Pria,165,61,Sedang (16 - 25 km/jam),Jalanan Rata,Sepeda Gunung (Mountain Bike/MTB)
305,Surabaya,36,Wanita,150,66,Santai (15 km/jam atau kurang),Jalanan Rata,Sepeda Gunung (Mountain Bike/MTB)
306,Bandung,51,Pria,171,84,Sedang (16 - 25 km/jam),Jalanan Tidak Rata,Sepeda Gunung (Mountain Bike/MTB)
307,Pekalongan,50,Pria,170,62,Sedang (16 - 25 km/jam),Jalanan Tidak Rata,Sepeda Gunung (Mountain Bike/MTB)
308,Surabaya,42,Wanita,153,70,Santai (15 km/jam atau kurang),Jalanan Rata,Sepeda Gunung (Mountain Bike/MTB)
309,Pekalongan,27,Pria,167,65,Cepat (26 km/jam atau lebih),Jalanan Tidak Rata,Sepeda Gunung (Mountain Bike/MTB)
310,Surabaya,31,Pria,175,69,Santai (15 km/jam atau kurang),Jalanan Rata,Sepeda Gunung (Mountain Bike/MTB)
311,Surabaya,52,Pria,173,78,Santai (15 km/jam atau kurang),Jalanan Rata,Sepeda Gunung (Mountain Bike/MTB)
312,Wonosobo,49,Pria,165,80,Santai (15 km/jam atau kurang),Jalanan Rata,Sepeda Gunung (Mountain Bike/MTB)
313,Pekalongan,62,Pria,166,80,Santai (15 km/jam atau kurang),Jalanan Rata,Sepeda Gunung (Mountain Bike/MTB)
314,Pekalongan,32,Pria,173,94,Sedang (16 - 25 km/jam),Jalanan Rata,Sepeda Gunung (Mountain Bike/MTB)
315,Surabaya,57,Pria,177,77,Santai (15 km/jam atau kurang),Jalanan Tidak Rata,Sepeda Gunung (Mountain Bike/MTB)
316,Surabaya,52,Pria,164,51,Sedang (16 - 25 km/jam),Jalanan Rata,Sepeda Gunung (Mountain Bike/MTB)
317,Surabaya,54,Pria,180,88,Santai (15 km/jam atau kurang),Jalanan Tidak Rata,Sepeda Gunung (Mountain Bike/MTB)
318,Surabaya,21,Pria,169,74,Sedang (16 - 25 km/jam),Jalanan Rata,Sepeda Gunung (Mountain Bike/MTB)
319,Surabaya,58,Pria,177,95,Sedang (16 - 25 km/jam),Jalanan Tidak Rata,Sepeda Gunung (Mountain Bike/MTB)
320,Surabaya,27,Wanita,157,66,Santai (15 km/jam atau kurang),Jalanan Rata,Sepeda Gunung (Mountain Bike/MTB)
321,Surabaya,27,Pria,164,87,Sedang (16 - 25 km/jam),Jalanan Tidak Rata,Sepeda Gunung (Mountain Bike/MTB)
322,Surabaya,32,Wanita,159,56,Santai (15 km/jam atau kurang),Jalanan Tidak Rata,Sepeda Gunung (Mountain Bike/MTB)
323,Surabaya,55,Wanita,158,55,Sedang (16 - 25 km/jam),Jalanan Rata,Sepeda Gunung (Mountain Bike/MTB)
324,Surabaya,24,Pria,151,64,Sedang (16 - 25 km/jam),Jalanan Rata,Sepeda Gunung (Mountain Bike/MTB)
325,Surabaya,11,Pria,161,57,Sedang (16 - 25 km/jam),Jalanan Tidak Rata,Sepeda Gunung (Mountain Bike/MTB)
326,Surabaya,60,Wanita,167,48,Sedang (16 - 25 km/jam),Jalanan Rata,Sepeda Gunung (Mountain Bike/MTB)
327,Surabaya,36,Wanita,160,62,Santai (15 km/jam atau kurang),Jalanan Rata,Sepeda Gunung (Mountain Bike/MTB)
328,Surabaya,44,Pria,174,99,Sedang (16 - 25 km/jam),Jalanan Rata,Sepeda Gunung (Mountain Bike/MTB)
329,Surabaya,37,Wanita,161,66,Sedang (16 - 25 km/jam),Jalanan Tidak Rata,Sepeda Gunung (Mountain Bike/MTB)
330,Surabaya,47,Pria,168,54,Santai (15 km/jam atau kurang),Jalanan Rata,Sepeda Gunung (Mountain Bike/MTB)
331,Surabaya,57,Pria,162,80,Sedang (16 - 25 km/jam),Jalanan Rata,Sepeda Gunung (Mountain Bike/MTB)
332,Surabaya,72,Wanita,170,58,Santai (15 km/jam atau kurang),Jalanan Rata,Sepeda Gunung (Mountain Bike/MTB)
333,Surabaya,68,Pria,163,77,Sedang (16 - 25 km/jam),Jalanan Rata,Sepeda Gunung (Mountain Bike/MTB)
334,Surabaya,32,Pria,153,69,Santai (15 km/jam atau kurang),Jalanan Rata,Sepeda Gunung (Mountain Bike/MTB)
335,Surabaya,36,Pria,164,62,Sedang (16 - 25 km/jam),Jalanan Rata,Sepeda Gunung (Mountain Bike/MTB)
336,Surabaya,24,Pria,178,90,Sedang (16 - 25 km/jam),Jalanan Rata,Sepeda Gunung (Mountain Bike/MTB)
337,Surabaya,24,Wanita,151,56,Sedang (16 - 25 km/jam),Jalanan Tidak Rata,Sepeda Gunung (Mountain Bike/MTB)
338,Surabaya,38,Pria,159,83,Santai (15 km/jam atau kurang),Jalanan Rata,Sepeda Gunung (Mountain Bike/MTB)
339,Surabaya,22,Pria,163,56,Santai (15 km/jam atau kurang),Jalanan Tidak Rata,Sepeda Gunung (Mountain Bike/MTB)
340,Surabaya,27,Pria,172,82,Sedang (16 - 25 km/jam),Jalanan Tidak Rata,Sepeda Gunung (Mountain Bike/MTB)
341,Surabaya,34,Pria,168,79,Sedang (16 - 25 km/jam),Jalanan Tidak Rata,Sepeda Gunung (Mountain Bike/MTB)
342,Surabaya,57,Pria,169,79,Sedang (16 - 25 km/jam),Jalanan Tidak Rata,Sepeda Gunung (Mountain Bike/MTB)
343,Surabaya,19,Pria,166,86,Sedang (16 - 25 km/jam),Jalanan Tidak Rata,Sepeda Gunung (Mountain Bike/MTB)
344,Surabaya,46,Pria,169,61,Santai (15 km/jam atau kurang),Jalanan Rata,Sepeda Gunung (Mountain Bike/MTB)
345,Surabaya,43,Wanita,164,61,Santai (15 km/jam atau kurang),Jalanan Rata,Sepeda Gunung (Mountain Bike/MTB)
346,Surabaya,24,Wanita,151,52,Santai (15 km/jam atau kurang),Jalanan Rata,Sepeda Gunung (Mountain Bike/MTB)
347,Surabaya,58,Pria,163,82,Sedang (16 - 25 km/jam),Jalanan Tidak Rata,Sepeda Gunung (Mountain Bike/MTB)
348,Surabaya,60,Pria,175,72,Santai (15 km/jam atau kurang),Jalanan Rata,Sepeda Gunung (Mountain Bike/MTB)
349,Surabaya,58,Pria,163,53,Santai (15 km/jam atau kurang),Jalanan Rata,Sepeda Gunung (Mountain Bike/MTB)
350,Surabaya,39,Wanita,170,42,Santai (15 km/jam atau kurang),Jalanan Tidak Rata,Sepeda Gunung (Mountain Bike/MTB)
351,Surabaya,25,Wanita,168,58,Santai (15 km/jam atau kurang),Jalanan Tidak Rata,Sepeda Gunung (Mountain Bike/MTB)
352,Surabaya,40,Pria,168,80,Sedang (16 - 25 km/jam),Jalanan Rata,Sepeda Gunung (Mountain Bike/MTB)
353,Surabaya,10,Pria,169,59,Sedang (16 - 25 km/jam),Jalanan Tidak Rata,Sepeda Gunung (Mountain Bike/MTB)
354,Surabaya,56,Pria,166,82,Santai (15 km/jam atau kurang),Jalanan Rata,Sepeda Gunung (Mountain Bike/MTB)
355,Surabaya,57,Wanita,150,50,Santai (15 km/jam atau kurang),Jalanan Tidak Rata,Sepeda Gunung (Mountain Bike/MTB)
356,Surabaya,42,Pria,149,87,Santai (15 km/jam atau kurang),Jalanan Rata,Sepeda Gunung (Mountain Bike/MTB)
357,Surabaya,58,Pria,181,93,Sedang (16 - 25 km/jam),Jalanan Tidak Rata,Sepeda Gunung (Mountain Bike/MTB)
358,Surabaya,51,Pria,180,73,Sedang (16 - 25 km/jam),Jalanan Rata,Sepeda Gunung (Mountain Bike/MTB)
359,Surabaya,30,Pria,170,67,Sedang (16 - 25 km/jam),Jalanan Rata,Sepeda Gunung (Mountain Bike/MTB)
360,Surabaya,29,Pria,166,62,Sedang (16 - 25 km/jam),Jalanan Rata,Sepeda Gunung (Mountain Bike/MTB)
361,Surabaya,42,Pria,171,73,Santai (15 km/jam atau kurang),Jalanan Rata,Sepeda Gunung (Mountain Bike/MTB)
362,Surabaya,46,Wanita,169,66,Sedang (16 - 25 km/jam),Jalanan Rata,Sepeda Gunung (Mountain Bike/MTB)
363,Surabaya,52,Wanita,152,60,Sedang (16 - 25 km/jam),Jalanan Rata,Sepeda Gunung (Mountain Bike/MTB)
364,Surabaya,37,Pria,175,81,Santai (15 km/jam atau kurang),Jalanan Rata,Sepeda Gunung (Mountain Bike/MTB)
365,Surabaya,33,Pria,170,87,Sedang (16 - 25 km/jam),Jalanan Rata,Sepeda Gunung (Mountain Bike/MTB)
366,Surabaya,46,Pria,180,66,Sedang (16 - 25 km/jam),Jalanan Tidak Rata,Sepeda Gunung (Mountain Bike/MTB)
367,Surabaya,41,Pria,163,63,Santai (15 km/jam atau kurang),Jalanan Rata,Sepeda Gunung (Mountain Bike/MTB)
368,Surabaya,16,Pria,162,64,Santai (15 km/jam atau kurang),Jalanan Rata,Sepeda Gunung (Mountain Bike/MTB)
369,Surabaya,15,Pria,185,59,Cepat (26 km/jam atau lebih),Jalanan Rata,Sepeda Gunung (Mountain Bike/MTB)
370,Surabaya,31,Pria,161,67,Cepat (26 km/jam atau lebih),Jalanan Tidak Rata,Sepeda Gunung (Mountain Bike/MTB)
371,Surabaya,43,Pria,156,67,Sedang (16 - 25 km/jam),Jalanan Rata,Sepeda Gunung (Mountain Bike/MTB)
372,Surabaya,36,Wanita,152,77,Santai (15 km/jam atau kurang),Jalanan Rata,Sepeda Gunung (Mountain Bike/MTB)
373,Surabaya,49,Pria,161,67,Sedang (16 - 25 km/jam),Jalanan Rata,Sepeda Gunung (Mountain Bike/MTB)
374,Surabaya,17,Pria,171,67,Santai (15 km/jam atau kurang),Jalanan Rata,Sepeda Gunung (Mountain Bike/MTB)
375,Surabaya,42,Pria,190,95,Sedang (16 - 25 km/jam),Jalanan Tidak Rata,Sepeda Gunung (Mountain Bike/MTB)
376,Surabaya,57,Wanita,167,74,Santai (15 km/jam atau kurang),Jalanan Rata,Sepeda Gunung (Mountain Bike/MTB)
377,Surabaya,21,Pria,173,86,Sedang (16 - 25 km/jam),Jalanan Rata,Sepeda Gunung (Mountain Bike/MTB)
378,Surabaya,57,Pria,166,88,Sedang (16 - 25 km/jam),Jalanan Rata,Sepeda Gunung (Mountain Bike/MTB)
379,Surabaya,48,Pria,175,71,Sedang (16 - 25 km/jam),Jalanan Tidak Rata,Sepeda Gunung (Mountain Bike/MTB)
380,Surabaya,50,Wanita,156,55,Santai (15 km/jam atau kurang),Jalanan Rata,Sepeda Gunung (Mountain Bike/MTB)
381,Surabaya,49,Pria,164,64,Santai (15 km/jam atau kurang),Jalanan Rata,Sepeda Gunung (Mountain Bike/MTB)
382,Surabaya,59,Pria,170,73,Santai (15 km/jam atau kurang),Jalanan Rata,Sepeda Gunung (Mountain Bike/MTB)
383,Surabaya,60,Pria,161,79,Santai (15 km/jam atau kurang),Jalanan Rata,Sepeda Gunung (Mountain Bike/MTB)
384,Surabaya,29,Wanita,161,64,Sedang (16 - 25 km/jam),Jalanan Rata,Sepeda Gunung (Mountain Bike/MTB)
385,Surabaya,28,Wanita,164,51,Santai (15 km/jam atau kurang),Jalanan Tidak Rata,Sepeda Gunung (Mountain Bike/MTB)
386,Surabaya,37,Pria,165,75,Santai (15 km/jam atau kurang),Jalanan Rata,Sepeda Gunung (Mountain Bike/MTB)
387,Surabaya,52,Pria,165,59,Santai (15 km/jam atau kurang),Jalanan Tidak Rata,Sepeda Gunung (Mountain Bike/MTB)
388,Surabaya,49,Wanita,160,60,Santai (15 km/jam atau kurang),Jalanan Rata,Sepeda Gunung (Mountain Bike/MTB)
389,Surabaya,32,Pria,176,89,Sedang (16 - 25 km/jam),Jalanan Rata,Sepeda Gunung (Mountain Bike/MTB)
390,Surabaya,33,Pria,171,88,Sedang (16 - 25 km/jam),Jalanan Rata,Sepeda Gunung (Mountain Bike/MTB)
391,Surabaya,22,Pria,169,68,Sedang (16 - 25 km/jam),Jalanan Tidak Rata,Sepeda Gunung (Mountain Bike/MTB)
392,Surabaya,53,Wanita,155,58,Sedang (16 - 25 km/jam),Jalanan Rata,Sepeda Gunung (Mountain Bike/MTB)
393,Surabaya,60,Pria,163,86,Sedang (16 - 25 km/jam),Jalanan Tidak Rata,Sepeda Gunung (Mountain Bike/MTB)
394,Surabaya,58,Pria,171,74,Sedang (16 - 25 km/jam),Jalanan Tidak Rata,Sepeda Gunung (Mountain Bike/MTB)
395,Surabaya,23,Wanita,159,43,Sedang (16 - 25 km/jam),Jalanan Rata,Sepeda Gunung (Mountain Bike/MTB)
396,Surabaya,23,Pria,178,54,Santai (15 km/jam atau kurang),Jalanan Rata,Sepeda Gunung (Mountain Bike/MTB)
397,Surabaya,54,Pria,177,67,Sedang (16 - 25 km/jam),Jalanan Tidak Rata,Sepeda Gunung (Mountain Bike/MTB)
398,Surabaya,19,Pria,174,70,Sedang (16 - 25 km/jam),Jalanan Rata,Sepeda Gunung (Mountain Bike/MTB)
399,Surabaya,29,Pria,172,93,Santai (15 km/jam atau kurang),Jalanan Rata,Sepeda Gunung (Mountain Bike/MTB)
400,Surabaya,43,Wanita,158,52,Santai (15 km/jam atau kurang),Jalanan Rata,Sepeda Gunung (Mountain Bike/MTB)
401,Surabaya,48,Pria,183,89,Santai (15 km/jam atau kurang),Jalanan Rata,Sepeda Gunung (Mountain Bike/MTB)
402,Surabaya,15,Wanita,148,38,Sedang (16 - 25 km/jam),Jalanan Tidak Rata,Sepeda Gunung (Mountain Bike/MTB)
403,Surabaya,29,Pria,163,85,Sedang (16 - 25 km/jam),Jalanan Tidak Rata,Sepeda Gunung (Mountain Bike/MTB)
404,Surabaya,65,Pria,171,67,Sedang (16 - 25 km/jam),Jalanan Rata,Sepeda Gunung (Mountain Bike/MTB)
405,Surabaya,38,Pria,171,84,Sedang (16 - 25 km/jam),Jalanan Rata,Sepeda Gunung (Mountain Bike/MTB)
406,Surabaya,52,Pria,157,63,Sedang (16 - 25 km/jam),Jalanan Rata,Sepeda Gunung (Mountain Bike/MTB)
407,Surabaya,23,Pria,169,75,Sedang (16 - 25 km/jam),Jalanan Rata,Sepeda Gunung (Mountain Bike/MTB)
408,Surabaya,32,Pria,161,86,Sedang (16 - 25 km/jam),Jalanan Rata,Sepeda Gunung (Mountain Bike/MTB)
409,Surabaya,10,Pria,168,54,Sedang (16 - 25 km/jam),Jalanan Tidak Rata,Sepeda Gunung (Mountain Bike/MTB)
410,Surabaya,49,Pria,178,84,Sedang (16 - 25 km/jam),Jalanan Tidak Rata,Sepeda Gunung (Mountain Bike/MTB)
411,Surabaya,51,Wanita,159,60,Sedang (16 - 25 km/jam),Jalanan Rata,Sepeda Gunung (Mountain Bike/MTB)
412,Surabaya,22,Pria,174,91,Santai (15 km/jam atau kurang),Jalanan Rata,Sepeda Gunung (Mountain Bike/MTB)
413,Surabaya,39,Pria,179,93,Santai (15 km/jam atau kurang),Jalanan Tidak Rata,Sepeda Gunung (Mountain Bike/MTB)
414,Surabaya,48,Wanita,165,65,Santai (15 km/jam atau kurang),Jalanan Rata,Sepeda Gunung (Mountain Bike/MTB)
415,Surabaya,45,Wanita,151,44,Santai (15 km/jam atau kurang),Jalanan Rata,Sepeda Gunung (Mountain Bike/MTB)
416,Surabaya,22,Pria,173,99,Sedang (16 - 25 km/jam),Jalanan Tidak Rata,Sepeda Gunung (Mountain Bike/MTB)
417,Surabaya,48,Pria,166,74,Santai (15 km/jam atau kurang),Jalanan Rata,Sepeda Gunung (Mountain Bike/MTB)
418,Surabaya,50,Pria,166,80,Sedang (16 - 25 km/jam),Jalanan Tidak Rata,Sepeda Gunung (Mountain Bike/MTB)
419,Surabaya,22,Wanita,168,66,Sedang (16 - 25 km/jam),Jalanan Rata,Sepeda Gunung (Mountain Bike/MTB)
420,Surabaya,31,Wanita,168,58,Santai (15 km/jam atau kurang),Jalanan Rata,Sepeda Gunung (Mountain Bike/MTB)
421,Surabaya,29,Pria,162,61,Sedang (16 - 25 km/jam),Jalanan Tidak Rata,Sepeda Gunung (Mountain Bike/MTB)
422,Surabaya,14,Pria,177,65,Sedang (16 - 25 km/jam),Jalanan Tidak Rata,Sepeda Gunung (Mountain Bike/MTB)
423,Surabaya,13,Pria,170,57,Sedang (16 - 25 km/jam),Jalanan Rata,Sepeda Gunung (Mountain Bike/MTB)
424,Pekalongan,44,Pria,171,80,Sedang (16 - 25 km/jam),Jalanan Rata,Sepeda Lipat (Folding Bike)
425,Pekalongan,35,Pria,165,70,Santai (15 km/jam atau kurang),Jalanan Rata,Sepeda Lipat (Folding Bike)
426,Pekalongan,38,Wanita,160,65,Sedang (16 - 25 km/jam),Jalanan Rata,Sepeda Lipat (Folding Bike)
427,Pekalongan,39,Pria,171,75,Sedang (16 - 25 km/jam),Jalanan Tidak Rata,Sepeda Lipat (Folding Bike)
428,Pekalongan,29,Pria,166,64,Santai (15 km/jam atau kurang),Jalanan Rata,Sepeda Lipat (Folding Bike)
429,Pekalongan,42,Pria,166,78,Santai (15 km/jam atau kurang),Jalanan Rata,Sepeda Lipat (Folding Bike)
430,Surabaya,32,Pria,172,57,Santai (15 km/jam atau kurang),Jalanan Rata,Sepeda Lipat (Folding Bike)
431,Surabaya,42,Pria,171,82,Santai (15 km/jam atau kurang),Jalanan Rata,Sepeda Lipat (Folding Bike)
432,Jakarta,48,Wanita,160,58,Santai (15 km/jam atau kurang),Jalanan Rata,Sepeda Lipat (Folding Bike)
433,Surabaya,34,Pria,181,99,Santai (15 km/jam atau kurang),Jalanan Rata,Sepeda Lipat (Folding Bike)
434,Ciamis,32,Wanita,155,56,Sedang (16 - 25 km/jam),Jalanan Rata,Sepeda Lipat (Folding Bike)
435,Balikpapan,43,Pria,165,74,Sedang (16 - 25 km/jam),Jalanan Rata,Sepeda Lipat (Folding Bike)
436,Sidoarjo,47,Wanita,155,43,Santai (15 km/jam atau kurang),Jalanan Rata,Sepeda Lipat (Folding Bike)
437,Bandung,53,Wanita,165,74,Santai (15 km/jam atau kurang),Jalanan Rata,Sepeda Lipat (Folding Bike)
438,Sidoarjo,39,Wanita,153,52,Santai (15 km/jam atau kurang),Jalanan Rata,Sepeda Lipat (Folding Bike)
439,Surabaya,33,Wanita,164,64,Sedang (16 - 25 km/jam),Jalanan Rata,Sepeda Lipat (Folding Bike)
440,Jakarta,31,Pria,160,58,Santai (15 km/jam atau kurang),Jalanan Rata,Sepeda Lipat (Folding Bike)
441,Bandung,60,Pria,165,62,Sedang (16 - 25 km/jam),Jalanan Rata,Sepeda Lipat (Folding Bike)
442,Purwokerto,47,Pria,170,75,Sedang (16 - 25 km/jam),Jalanan Rata,Sepeda Lipat (Folding Bike)
443,Purwokerto,46,Pria,178,90,Santai (15 km/jam atau kurang),Jalanan Rata,Sepeda Lipat (Folding Bike)
444,Pekalongan,45,Pria,175,80,Santai (15 km/jam atau kurang),Jalanan Rata,Sepeda Lipat (Folding Bike)
445,Surabaya,56,Wanita,155,44,Santai (15 km/jam atau kurang),Jalanan Rata,Sepeda Lipat (Folding Bike)
446,Surabaya,54,Wanita,159,58,Sedang (16 - 25 km/jam),Jalanan Rata,Sepeda Lipat (Folding Bike)
447,Surabaya,49,Wanita,160,49,Santai (15 km/jam atau kurang),Jalanan Rata,Sepeda Lipat (Folding Bike)
448,Surabaya,49,Wanita,165,46,Santai (15 km/jam atau kurang),Jalanan Rata,Sepeda Lipat (Folding Bike)
449,Surabaya,43,Pria,161,48,Santai (15 km/jam atau kurang),Jalanan Rata,Sepeda Lipat (Folding Bike)
450,Surabaya,44,Wanita,160,47,Santai (15 km/jam atau kurang),Jalanan Rata,Sepeda Lipat (Folding Bike)
451,Surabaya,45,Wanita,163,48,Santai (15 km/jam atau kurang),Jalanan Rata,Sepeda Lipat (Folding Bike)
452,Surabaya,37,Pria,161,50,Santai (15 km/jam atau kurang),Jalanan Rata,Sepeda Lipat (Folding Bike)
453,Surabaya,51,Wanita,164,58,Sedang (16 - 25 km/jam),Jalanan Rata,Sepeda Lipat (Folding Bike)
454,Surabaya,27,Wanita,169,48,Santai (15 km/jam atau kurang),Jalanan Rata,Sepeda Lipat (Folding Bike)
455,Surabaya,16,Pria,171,63,Santai (15 km/jam atau kurang),Jalanan Rata,Sepeda Lipat (Folding Bike)
456,Surabaya,13,Pria,177,70,Santai (15 km/jam atau kurang),Jalanan Rata,Sepeda Lipat (Folding Bike)
457,Surabaya,45,Pria,158,47,Santai (15 km/jam atau kurang),Jalanan Rata,Sepeda Lipat (Folding Bike)
458,Surabaya,25,Pria,153,44,Santai (15 km/jam atau kurang),Jalanan Rata,Sepeda Lipat (Folding Bike)
459,Surabaya,39,Pria,172,62,Sedang (16 - 25 km/jam),Jalanan Rata,Sepeda Lipat (Folding Bike)
460,Surabaya,43,Pria,167,64,Sedang (16 - 25 km/jam),Jalanan Rata,Sepeda Lipat (Folding Bike)
461,Surabaya,10,Pria,163,46,Santai (15 km/jam atau kurang),Jalanan Rata,Sepeda Lipat (Folding Bike)
462,Surabaya,59,Wanita,151,55,Sedang (16 - 25 km/jam),Jalanan Rata,Sepeda Lipat (Folding Bike)
463,Surabaya,11,Pria,157,50,Santai (15 km/jam atau kurang),Jalanan Rata,Sepeda Lipat (Folding Bike)
464,Surabaya,33,Pria,162,43,Santai (15 km/jam atau kurang),Jalanan Rata,Sepeda Lipat (Folding Bike)
465,Surabaya,58,Wanita,159,51,Santai (15 km/jam atau kurang),Jalanan Rata,Sepeda Lipat (Folding Bike)
466,Surabaya,45,Wanita,168,65,Sedang (16 - 25 km/jam),Jalanan Rata,Sepeda Lipat (Folding Bike)
467,Surabaya,48,Pria,169,70,Santai (15 km/jam atau kurang),Jalanan Rata,Sepeda Lipat (Folding Bike)
468,Surabaya,58,Wanita,153,55,Sedang (16 - 25 km/jam),Jalanan Rata,Sepeda Lipat (Folding Bike)
469,Surabaya,50,Wanita,156,54,Sedang (16 - 25 km/jam),Jalanan Rata,Sepeda Lipat (Folding Bike)
470,Surabaya,55,Wanita,157,59,Sedang (16 - 25 km/jam),Jalanan Rata,Sepeda Lipat (Folding Bike)
471,Surabaya,24,Wanita,152,47,Santai (15 km/jam atau kurang),Jalanan Rata,Sepeda Lipat (Folding Bike)
472,Surabaya,31,Pria,163,49,Santai (15 km/jam atau kurang),Jalanan Rata,Sepeda Lipat (Folding Bike)
473,Surabaya,24,Wanita,152,47,Santai (15 km/jam atau kurang),Jalanan Rata,Sepeda Lipat (Folding Bike)
474,Surabaya,57,Pria,160,44,Santai (15 km/jam atau kurang),Jalanan Rata,Sepeda Lipat (Folding Bike)
475,Surabaya,50,Pria,165,63,Sedang (16 - 25 km/jam),Jalanan Rata,Sepeda Lipat (Folding Bike)
476,Surabaya,57,Wanita,167,63,Santai (15 km/jam atau kurang),Jalanan Rata,Sepeda Lipat (Folding Bike)
477,Surabaya,45,Wanita,151,57,Santai (15 km/jam atau kurang),Jalanan Rata,Sepeda Lipat (Folding Bike)
478,Surabaya,21,Wanita,156,48,Santai (15 km/jam atau kurang),Jalanan Rata,Sepeda Lipat (Folding Bike)
479,Surabaya,47,Wanita,154,53,Santai (15 km/jam atau kurang),Jalanan Rata,Sepeda Lipat (Folding Bike)
480,Surabaya,54,Wanita,156,51,Sedang (16 - 25 km/jam),Jalanan Rata,Sepeda Lipat (Folding Bike)
481,Surabaya,30,Pria,159,46,Santai (15 km/jam atau kurang),Jalanan Rata,Sepeda Lipat (Folding Bike)
482,Surabaya,29,Wanita,168,62,Sedang (16 - 25 km/jam),Jalanan Rata,Sepeda Lipat (Folding Bike)
483,Surabaya,29,Pria,155,47,Santai (15 km/jam atau kurang),Jalanan Rata,Sepeda Lipat (Folding Bike)
484,Surabaya,22,Pria,167,62,Santai (15 km/jam atau kurang),Jalanan Rata,Sepeda Lipat (Folding Bike)
485,Surabaya,47,Wanita,163,70,Santai (15 km/jam atau kurang),Jalanan Rata,Sepeda Lipat (Folding Bike)
486,Surabaya,37,Pria,176,70,Sedang (16 - 25 km/jam),Jalanan Rata,Sepeda Lipat (Folding Bike)
487,Surabaya,28,Pria,167,46,Santai (15 km/jam atau kurang),Jalanan Rata,Sepeda Lipat (Folding Bike)
488,Surabaya,55,Wanita,154,57,Santai (15 km/jam atau kurang),Jalanan Rata,Sepeda Lipat (Folding Bike)
489,Surabaya,49,Pria,161,82,Sedang (16 - 25 km/jam),Jalanan Rata,Sepeda Lipat (Folding Bike)
490,Surabaya,53,Pria,168,46,Santai (15 km/jam atau kurang),Jalanan Rata,Sepeda Lipat (Folding Bike)
491,Surabaya,49,Pria,154,43,Santai (15 km/jam atau kurang),Jalanan Rata,Sepeda Lipat (Folding Bike)
492,Surabaya,51,Pria,159,41,Santai (15 km/jam atau kurang),Jalanan Rata,Sepeda Lipat (Folding Bike)
493,Surabaya,41,Pria,156,47,Santai (15 km/jam atau kurang),Jalanan Rata,Sepeda Lipat (Folding Bike)
494,Surabaya,34,Wanita,167,51,Cepat (26 km/jam atau lebih),Jalanan Rata,Sepeda Lipat (Folding Bike)
495,Surabaya,39,Wanita,167,52,Cepat (26 km/jam atau lebih),Jalanan Rata,Sepeda Lipat (Folding Bike)
496,Surabaya,45,Wanita,169,66,Sedang (16 - 25 km/jam),Jalanan Rata,Sepeda Lipat (Folding Bike)
497,Surabaya,46,Wanita,151,57,Sedang (16 - 25 km/jam),Jalanan Rata,Sepeda Lipat (Folding Bike)
